"Individual","Mode","Choice","Airport","DistSYR","DistALB","DistNYC","DistEWR","SafteyPersonal","SafteyTrainBus","SafteyCarpool","SafteyTaxi","SafteySharedTaxi","SafteyCS","SafteySCS","PrivacyPersonal","PrivacyTrainBus","PrivacyCarpool","PrivacyTaxi","PrivacySharedTaxi","PrivacyCS","PrivacySCS","ConviniencePersonal","ConvinienceTrainBus","ConvinienceCarpool","ConvinienceTaxi","ConvinienceSharedTaxi","ConvinienceCS","ConvinienceSCS","TimePersonal","TimeTrainBus","TimeCarpool","TimeTaxi","TimeSharedTaxi","TimeCS","TimeSCS","flightsYear","daysBreturn","luggage","ownVehicle","incomeB","familySize","ageB","shuttleMaxPersonsB","payUticaSYR","payUticaALB","CostPersonal","CostTrainBus","CostCarpool","CostTaxi","CostSharedTaxi","CostCS","CostSCS","random","Saftey","Privacy","Convinience","Time"
1,"Carpool",1,1,50,77,277,245,10,9,9,8,8,8,8,10,8,9,8,8,8,8,10,8,10,8,8,9,8,"10000","13000","10000","11500","12000","11500","11500",1,3,1,1,10,4,20,10,10,10,"","","","","","","",41,9,9,10,"10000"
1,"Personal",0,1,50,77,277,245,10,9,9,8,8,8,8,10,8,9,8,8,8,8,10,8,10,8,8,9,8,"10000","13000","10000","11500","12000","11500","11500",1,3,1,1,10,4,20,10,10,10,"","","","","","","",41,10,10,10,"10000"
1,"TrainBus",0,1,50,77,277,245,10,9,9,8,8,8,8,10,8,9,8,8,8,8,10,8,10,8,8,9,8,"10000","13000","10000","11500","12000","11500","11500",1,3,1,1,10,4,20,10,10,10,"","","","","","","",41,9,8,8,"13000"
1,"Taxi",0,1,50,77,277,245,10,9,9,8,8,8,8,10,8,9,8,8,8,8,10,8,10,8,8,9,8,"10000","13000","10000","11500","12000","11500","11500",1,3,1,1,10,4,20,10,10,10,"","","","","","","",41,8,8,8,"11500"
2,"Carpool",1,3,40,80,300,350,8,8,7,7,7,7,7,10,5,8,7,5,7,5,10,6,8,4,4,6,6,"04500","10000","04500","04500","04500","04500","04500",0,7,2,1,10,3,20,15,15,10,"15","10","0","30","15","40","20",46,7,8,8,"04500"
2,"Personal",0,3,40,80,300,350,8,8,7,7,7,7,7,10,5,8,7,5,7,5,10,6,8,4,4,6,6,"04500","10000","04500","04500","04500","04500","04500",0,7,2,1,10,3,20,15,15,10,"15","10","0","30","15","40","20",46,8,10,10,"04500"
2,"TrainBus",0,3,40,80,300,350,8,8,7,7,7,7,7,10,5,8,7,5,7,5,10,6,8,4,4,6,6,"04500","10000","04500","04500","04500","04500","04500",0,7,2,1,10,3,20,15,15,10,"15","10","0","30","15","40","20",46,8,5,6,"10000"
2,"Taxi",0,3,40,80,300,350,8,8,7,7,7,7,7,10,5,8,7,5,7,5,10,6,8,4,4,6,6,"04500","10000","04500","04500","04500","04500","04500",0,7,2,1,10,3,20,15,15,10,"15","10","0","30","15","40","20",46,7,7,4,"04500"
3,"Carpool",1,1,200,66,113,102,10,6,5,7,5,7,7,10,5,7,5,5,6,6,10,4,8,5,4,9,8,"04500","10000","04500","04500","04500","04500","04500",6,7,1,1,10,4,20,15,15,30,"15","35","10","40","40","40","20",23,5,7,8,"04500"
3,"Personal",0,1,200,66,113,102,10,6,5,7,5,7,7,10,5,7,5,5,6,6,10,4,8,5,4,9,8,"04500","10000","04500","04500","04500","04500","04500",6,7,1,1,10,4,20,15,15,30,"15","35","10","40","40","40","20",23,10,10,10,"04500"
3,"TrainBus",0,1,200,66,113,102,10,6,5,7,5,7,7,10,5,7,5,5,6,6,10,4,8,5,4,9,8,"04500","10000","04500","04500","04500","04500","04500",6,7,1,1,10,4,20,15,15,30,"15","35","10","40","40","40","20",23,6,5,4,"10000"
3,"Taxi",0,1,200,66,113,102,10,6,5,7,5,7,7,10,5,7,5,5,6,6,10,4,8,5,4,9,8,"04500","10000","04500","04500","04500","04500","04500",6,7,1,1,10,4,20,15,15,30,"15","35","10","40","40","40","20",23,7,5,5,"04500"
4,"Carpool",0,1,50,75,250,250,9,9,9,7,7,8,7,10,7,9,7,7,5,4,9,10,10,5,5,8,7,"13000","20000","13000","13000","13000","13000","13000",1,7,2,1,40,4,20,5,30,45,"30","60","0","50","40","100","40",71,9,9,10,"13000"
4,"Personal",1,1,50,75,250,250,9,9,9,7,7,8,7,10,7,9,7,7,5,4,9,10,10,5,5,8,7,"13000","20000","13000","13000","13000","13000","13000",1,7,2,1,40,4,20,5,30,45,"30","60","0","50","40","100","40",71,9,10,9,"13000"
4,"TrainBus",0,1,50,75,250,250,9,9,9,7,7,8,7,10,7,9,7,7,5,4,9,10,10,5,5,8,7,"13000","20000","13000","13000","13000","13000","13000",1,7,2,1,40,4,20,5,30,45,"30","60","0","50","40","100","40",71,9,7,10,"20000"
4,"Taxi",0,1,50,75,250,250,9,9,9,7,7,8,7,10,7,9,7,7,5,4,9,10,10,5,5,8,7,"13000","20000","13000","13000","13000","13000","13000",1,7,2,1,40,4,20,5,30,45,"30","60","0","50","40","100","40",71,7,7,5,"13000"
5,"Carpool",0,1,56,92,251,248,9,6,8,5,6,5,7,9,6,6,5,6,6,5,9,5,7,6,6,7,7,"12700","24000","13000","20000","20000","14500","20000",0,NA,2,1,10,4,20,10,30,40,"40 ","80   ","30 ","100","40 ","100","40 ",22,8,6,7,"13000"
5,"Personal",1,1,56,92,251,248,9,6,8,5,6,5,7,9,6,6,5,6,6,5,9,5,7,6,6,7,7,"12700","24000","13000","20000","20000","14500","20000",0,NA,2,1,10,4,20,10,30,40,"40 ","80   ","30 ","100","40 ","100","40 ",22,9,9,9,"12700"
5,"TrainBus",0,1,56,92,251,248,9,6,8,5,6,5,7,9,6,6,5,6,6,5,9,5,7,6,6,7,7,"12700","24000","13000","20000","20000","14500","20000",0,NA,2,1,10,4,20,10,30,40,"40 ","80   ","30 ","100","40 ","100","40 ",22,6,6,5,"24000"
5,"Taxi",0,1,56,92,251,248,9,6,8,5,6,5,7,9,6,6,5,6,6,5,9,5,7,6,6,7,7,"12700","24000","13000","20000","20000","14500","20000",0,NA,2,1,10,4,20,10,30,40,"40 ","80   ","30 ","100","40 ","100","40 ",22,5,5,6,"20000"
6,"Carpool",1,2,210,116,53,59,10,7,9,5,6,5,5,10,6,9,5,5,5,5,9,7,10,7,7,7,7,"20000","30000","20000","23000","23000","23000","23000",2,6,2,1,10,1,20,5,35,35,"35  ","50  "," ","50 ","50 ","60 ","40 ",60,9,9,10,"20000"
6,"Personal",0,2,210,116,53,59,10,7,9,5,6,5,5,10,6,9,5,5,5,5,9,7,10,7,7,7,7,"20000","30000","20000","23000","23000","23000","23000",2,6,2,1,10,1,20,5,35,35,"35  ","50  "," ","50 ","50 ","60 ","40 ",60,10,10,9,"20000"
6,"TrainBus",0,2,210,116,53,59,10,7,9,5,6,5,5,10,6,9,5,5,5,5,9,7,10,7,7,7,7,"20000","30000","20000","23000","23000","23000","23000",2,6,2,1,10,1,20,5,35,35,"35  ","50  "," ","50 ","50 ","60 ","40 ",60,7,6,7,"30000"
6,"Taxi",0,2,210,116,53,59,10,7,9,5,6,5,5,10,6,9,5,5,5,5,9,7,10,7,7,7,7,"20000","30000","20000","23000","23000","23000","23000",2,6,2,1,10,1,20,5,35,35,"35  ","50  "," ","50 ","50 ","60 ","40 ",60,5,5,7,"23000"
7,"Carpool",1,2,300,170,50,70,9,8,8,6,6,7,7,10,1,8,4,4,6,6,10,7,7,1,1,8,6,"10000","13000","10000","10000","10000","10000","10000",2,7,2,0,10,4,20,50,5,7,"20","12.5","20","20","20","25","25",9,8,8,7,"10000"
7,"Personal",0,2,300,170,50,70,9,8,8,6,6,7,7,10,1,8,4,4,6,6,10,7,7,1,1,8,6,"10000","13000","10000","10000","10000","10000","10000",2,7,2,0,10,4,20,50,5,7,"20","12.5","20","20","20","25","25",9,9,10,10,"10000"
7,"TrainBus",0,2,300,170,50,70,9,8,8,6,6,7,7,10,1,8,4,4,6,6,10,7,7,1,1,8,6,"10000","13000","10000","10000","10000","10000","10000",2,7,2,0,10,4,20,50,5,7,"20","12.5","20","20","20","25","25",9,8,1,7,"13000"
7,"Taxi",0,2,300,170,50,70,9,8,8,6,6,7,7,10,1,8,4,4,6,6,10,7,7,1,1,8,6,"10000","13000","10000","10000","10000","10000","10000",2,7,2,0,10,4,20,50,5,7,"20","12.5","20","20","20","25","25",9,6,4,1,"10000"
8,"Carpool",0,2,150,70,70,70,9,9,9,7,7,7,7,10,6,8,6,6,7,7,10,4,8,5,5,6,6,"13000","30000","13000","20000","20000","20000","20000",4,7,2,1,10,5,20,50,20,20,"25","40","25","40","100","100","100",96,9,8,8,"13000"
8,"Personal",1,2,150,70,70,70,9,9,9,7,7,7,7,10,6,8,6,6,7,7,10,4,8,5,5,6,6,"13000","30000","13000","20000","20000","20000","20000",4,7,2,1,10,5,20,50,20,20,"25","40","25","40","100","100","100",96,9,10,10,"13000"
8,"TrainBus",0,2,150,70,70,70,9,9,9,7,7,7,7,10,6,8,6,6,7,7,10,4,8,5,5,6,6,"13000","30000","13000","20000","20000","20000","20000",4,7,2,1,10,5,20,50,20,20,"25","40","25","40","100","100","100",96,9,6,4,"30000"
8,"Taxi",0,2,150,70,70,70,9,9,9,7,7,7,7,10,6,8,6,6,7,7,10,4,8,5,5,6,6,"13000","30000","13000","20000","20000","20000","20000",4,7,2,1,10,5,20,50,20,20,"25","40","25","40","100","100","100",96,7,6,5,"20000"
9,"Carpool",1,2,274,166,5.9,34.7,7,6,8,5,5,7,6,10,4,7,7,6,8,6,9,7,7,7,5,8,6,"01500","02500","01500","04000","04000","02000","02500",2,8,1,0,10,5,20,50,25,35,"","2.75","3","10","7","12","8",45,8,7,7,"01500"
9,"Personal",0,2,274,166,5.9,34.7,7,6,8,5,5,7,6,10,4,7,7,6,8,6,9,7,7,7,5,8,6,"01500","02500","01500","04000","04000","02000","02500",2,8,1,0,10,5,20,50,25,35,"","2.75","3","10","7","12","8",45,7,10,9,"01500"
9,"TrainBus",0,2,274,166,5.9,34.7,7,6,8,5,5,7,6,10,4,7,7,6,8,6,9,7,7,7,5,8,6,"01500","02500","01500","04000","04000","02000","02500",2,8,1,0,10,5,20,50,25,35,"","2.75","3","10","7","12","8",45,6,4,7,"02500"
9,"Taxi",0,2,274,166,5.9,34.7,7,6,8,5,5,7,6,10,4,7,7,6,8,6,9,7,7,7,5,8,6,"01500","02500","01500","04000","04000","02000","02500",2,8,1,0,10,5,20,50,25,35,"","2.75","3","10","7","12","8",45,5,7,7,"04000"
10,"Carpool",0,3,58,94,258,244,5,8,5,6,6,6,5,10,6,7,6,4,6,4,6,6,6,7,7,8,7,"10000","10000","10000","10000","10000","10000","10000",0,3,1,1,10,5,20,5,60,150,"30","50","15","80","60","80","70",40,5,7,6,"10000"
10,"Personal",0,3,58,94,258,244,5,8,5,6,6,6,5,10,6,7,6,4,6,4,6,6,6,7,7,8,7,"10000","10000","10000","10000","10000","10000","10000",0,3,1,1,10,5,20,5,60,150,"30","50","15","80","60","80","70",40,5,10,6,"10000"
10,"TrainBus",1,3,58,94,258,244,5,8,5,6,6,6,5,10,6,7,6,4,6,4,6,6,6,7,7,8,7,"10000","10000","10000","10000","10000","10000","10000",0,3,1,1,10,5,20,5,60,150,"30","50","15","80","60","80","70",40,8,6,6,"10000"
10,"Taxi",0,3,58,94,258,244,5,8,5,6,6,6,5,10,6,7,6,4,6,4,6,6,6,7,7,8,7,"10000","10000","10000","10000","10000","10000","10000",0,3,1,1,10,5,20,5,60,150,"30","50","15","80","60","80","70",40,6,6,7,"10000"
11,"Carpool",1,3,43,78,185,174,8,8,8,8,8,8,8,10,1,2,2,1,6,1,10,10,10,8,8,9,9,"10000","10000","10000","10000","10000","10000","10000",0,0,1,1,10,3,20,50,30,50,"40","30","15","40","20","40","40",44,8,2,10,"10000"
11,"Personal",0,3,43,78,185,174,8,8,8,8,8,8,8,10,1,2,2,1,6,1,10,10,10,8,8,9,9,"10000","10000","10000","10000","10000","10000","10000",0,0,1,1,10,3,20,50,30,50,"40","30","15","40","20","40","40",44,8,10,10,"10000"
11,"TrainBus",0,3,43,78,185,174,8,8,8,8,8,8,8,10,1,2,2,1,6,1,10,10,10,8,8,9,9,"10000","10000","10000","10000","10000","10000","10000",0,0,1,1,10,3,20,50,30,50,"40","30","15","40","20","40","40",44,8,1,10,"10000"
11,"Taxi",0,3,43,78,185,174,8,8,8,8,8,8,8,10,1,2,2,1,6,1,10,10,10,8,8,9,9,"10000","10000","10000","10000","10000","10000","10000",0,0,1,1,10,3,20,50,30,50,"40","30","15","40","20","40","40",44,8,2,8,"10000"
12,"Carpool",0,1,160,20,165,155,8,8,8,6,7,7,8,10,8,4,3,3,3,3,10,10,10,10,9,6,10,"02000","04000","02000","04000","04000","02500","02500",6,5,1,1,10,4,20,50,40,50,"10","20","5","25","6","30","0",89,8,4,10,"02000"
12,"Personal",1,1,160,20,165,155,8,8,8,6,7,7,8,10,8,4,3,3,3,3,10,10,10,10,9,6,10,"02000","04000","02000","04000","04000","02500","02500",6,5,1,1,10,4,20,50,40,50,"10","20","5","25","6","30","0",89,8,10,10,"02000"
12,"TrainBus",0,1,160,20,165,155,8,8,8,6,7,7,8,10,8,4,3,3,3,3,10,10,10,10,9,6,10,"02000","04000","02000","04000","04000","02500","02500",6,5,1,1,10,4,20,50,40,50,"10","20","5","25","6","30","0",89,8,8,10,"04000"
12,"Taxi",0,1,160,20,165,155,8,8,8,6,7,7,8,10,8,4,3,3,3,3,10,10,10,10,9,6,10,"02000","04000","02000","04000","04000","02500","02500",6,5,1,1,10,4,20,50,40,50,"10","20","5","25","6","30","0",89,6,3,10,"04000"
13,"Carpool",1,1,187,54,123,122,6,8,4,3,3,3,3,9,3,3,3,1,3,1,10,7,8,5,2,9,5,"11959","32800","11754","20300","20300","15200","15200",1,10,1,1,10,3,20,50,15,15,"25","43","3","25","12.5","36","18",18,4,3,8,"11754"
13,"Personal",0,1,187,54,123,122,6,8,4,3,3,3,3,9,3,3,3,1,3,1,10,7,8,5,2,9,5,"11959","32800","11754","20300","20300","15200","15200",1,10,1,1,10,3,20,50,15,15,"25","43","3","25","12.5","36","18",18,6,9,10,"11959"
13,"TrainBus",0,1,187,54,123,122,6,8,4,3,3,3,3,9,3,3,3,1,3,1,10,7,8,5,2,9,5,"11959","32800","11754","20300","20300","15200","15200",1,10,1,1,10,3,20,50,15,15,"25","43","3","25","12.5","36","18",18,8,3,7,"32800"
13,"Taxi",0,1,187,54,123,122,6,8,4,3,3,3,3,9,3,3,3,1,3,1,10,7,8,5,2,9,5,"11959","32800","11754","20300","20300","15200","15200",1,10,1,1,10,3,20,50,15,15,"25","43","3","25","12.5","36","18",18,3,3,5,"20300"
14,"Carpool",0,3,57.8,93.8,257,246,10,8,9,8,9,9,9,8,7,8,8,9,9,9,9,9,8,5,5,10,7,"05700","10000","05700","11500","11500","11000","13000",2,7,2,1,10,4,20,10,100,100,"80 ","200 ","80 ","250 ","250 ","200 ","150 ",28,9,8,8,"05700"
14,"Personal",1,3,57.8,93.8,257,246,10,8,9,8,9,9,9,8,7,8,8,9,9,9,9,9,8,5,5,10,7,"05700","10000","05700","11500","11500","11000","13000",2,7,2,1,10,4,20,10,100,100,"80 ","200 ","80 ","250 ","250 ","200 ","150 ",28,10,8,9,"05700"
14,"TrainBus",0,3,57.8,93.8,257,246,10,8,9,8,9,9,9,8,7,8,8,9,9,9,9,9,8,5,5,10,7,"05700","10000","05700","11500","11500","11000","13000",2,7,2,1,10,4,20,10,100,100,"80 ","200 ","80 ","250 ","250 ","200 ","150 ",28,8,7,9,"10000"
14,"Taxi",0,3,57.8,93.8,257,246,10,8,9,8,9,9,9,8,7,8,8,9,9,9,9,9,8,5,5,10,7,"05700","10000","05700","11500","11500","11000","13000",2,7,2,1,10,4,20,10,100,100,"80 ","200 ","80 ","250 ","250 ","200 ","150 ",28,8,8,5,"11500"
15,"Carpool",0,3,60,100,200,200,10,10,10,8,8,10,10,10,1,2,5,1,2,2,10,1,4,5,4,3,5,"10000","20000","13000","14500","20000","20000","20000",0,0,0,1,10,1,40,50,10,15,"10","50","20","100","100","190","95",61,10,2,4,"13000"
15,"Personal",1,3,60,100,200,200,10,10,10,8,8,10,10,10,1,2,5,1,2,2,10,1,4,5,4,3,5,"10000","20000","13000","14500","20000","20000","20000",0,0,0,1,10,1,40,50,10,15,"10","50","20","100","100","190","95",61,10,10,10,"10000"
15,"TrainBus",0,3,60,100,200,200,10,10,10,8,8,10,10,10,1,2,5,1,2,2,10,1,4,5,4,3,5,"10000","20000","13000","14500","20000","20000","20000",0,0,0,1,10,1,40,50,10,15,"10","50","20","100","100","190","95",61,10,1,1,"20000"
15,"Taxi",0,3,60,100,200,200,10,10,10,8,8,10,10,10,1,2,5,1,2,2,10,1,4,5,4,3,5,"10000","20000","13000","14500","20000","20000","20000",0,0,0,1,10,1,40,50,10,15,"10","50","20","100","100","190","95",61,8,5,5,"14500"
16,"Carpool",1,2,45,77,188,177,9,9,9,9,8,9,8,10,6,8,7,7,7,6,8,8,9,8,8,8,8,"40000","60000","43000","40000","43000","40000","43000",3,25,2,0,10,4,20,15,30,40,"","",""," "," "," "," ",57,9,8,9,"43000"
16,"Personal",0,2,45,77,188,177,9,9,9,9,8,9,8,10,6,8,7,7,7,6,8,8,9,8,8,8,8,"40000","60000","43000","40000","43000","40000","43000",3,25,2,0,10,4,20,15,30,40,"","",""," "," "," "," ",57,9,10,8,"40000"
16,"TrainBus",0,2,45,77,188,177,9,9,9,9,8,9,8,10,6,8,7,7,7,6,8,8,9,8,8,8,8,"40000","60000","43000","40000","43000","40000","43000",3,25,2,0,10,4,20,15,30,40,"","",""," "," "," "," ",57,9,6,8,"60000"
16,"Taxi",0,2,45,77,188,177,9,9,9,9,8,9,8,10,6,8,7,7,7,6,8,8,9,8,8,8,8,"40000","60000","43000","40000","43000","40000","43000",3,25,2,0,10,4,20,15,30,40,"","",""," "," "," "," ",57,9,7,8,"40000"
17,"Carpool",0,3,70,80,241,228,8,10,5,8,8,7,7,10,3,3,6,3,6,3,5,7,8,7,7,7,7,"10000","13000","11000","11000","13000","11000","13000",0,0,1,1,10,2,20,50,40,40,"70","50","0","40","20","50","30",47,5,3,8,"11000"
17,"Personal",1,3,70,80,241,228,8,10,5,8,8,7,7,10,3,3,6,3,6,3,5,7,8,7,7,7,7,"10000","13000","11000","11000","13000","11000","13000",0,0,1,1,10,2,20,50,40,40,"70","50","0","40","20","50","30",47,8,10,5,"10000"
17,"TrainBus",0,3,70,80,241,228,8,10,5,8,8,7,7,10,3,3,6,3,6,3,5,7,8,7,7,7,7,"10000","13000","11000","11000","13000","11000","13000",0,0,1,1,10,2,20,50,40,40,"70","50","0","40","20","50","30",47,10,3,7,"13000"
17,"Taxi",0,3,70,80,241,228,8,10,5,8,8,7,7,10,3,3,6,3,6,3,5,7,8,7,7,7,7,"10000","13000","11000","11000","13000","11000","13000",0,0,1,1,10,2,20,50,40,40,"70","50","0","40","20","50","30",47,8,6,7,"11000"
18,"Carpool",1,3,56,92,255,242,7,8,7,6,6,6,6,10,2,2,2,2,2,2,10,7,8,8,7,9,8,"10000","13000","10000","11500","13000","11500","13000",0,NA,2,1,10,4,20,15,30,40,"20","20","40","50","30","50","40",75,7,2,8,"10000"
18,"Personal",0,3,56,92,255,242,7,8,7,6,6,6,6,10,2,2,2,2,2,2,10,7,8,8,7,9,8,"10000","13000","10000","11500","13000","11500","13000",0,NA,2,1,10,4,20,15,30,40,"20","20","40","50","30","50","40",75,7,10,10,"10000"
18,"TrainBus",0,3,56,92,255,242,7,8,7,6,6,6,6,10,2,2,2,2,2,2,10,7,8,8,7,9,8,"10000","13000","10000","11500","13000","11500","13000",0,NA,2,1,10,4,20,15,30,40,"20","20","40","50","30","50","40",75,8,2,7,"13000"
18,"Taxi",0,3,56,92,255,242,7,8,7,6,6,6,6,10,2,2,2,2,2,2,10,7,8,8,7,9,8,"10000","13000","10000","11500","13000","11500","13000",0,NA,2,1,10,4,20,15,30,40,"20","20","40","50","30","50","40",75,6,2,8,"11500"
19,"Carpool",0,3,50,98,254,248,7,6,8,8,8,7,7,4,6,5,6,6,6,5,9,2,4,3,3,5,3,"11500","23000","20000","20000","20000","20000","23000",2,2,2,1,10,1,25,5,30,50,"25","15","15","25","25","35","15",97,8,5,4,"20000"
19,"Personal",1,3,50,98,254,248,7,6,8,8,8,7,7,4,6,5,6,6,6,5,9,2,4,3,3,5,3,"11500","23000","20000","20000","20000","20000","23000",2,2,2,1,10,1,25,5,30,50,"25","15","15","25","25","35","15",97,7,4,9,"11500"
19,"TrainBus",0,3,50,98,254,248,7,6,8,8,8,7,7,4,6,5,6,6,6,5,9,2,4,3,3,5,3,"11500","23000","20000","20000","20000","20000","23000",2,2,2,1,10,1,25,5,30,50,"25","15","15","25","25","35","15",97,6,6,2,"23000"
19,"Taxi",0,3,50,98,254,248,7,6,8,8,8,7,7,4,6,5,6,6,6,5,9,2,4,3,3,5,3,"11500","23000","20000","20000","20000","20000","23000",2,2,2,1,10,1,25,5,30,50,"25","15","15","25","25","35","15",97,8,6,3,"20000"
20,"Carpool",1,2,56,94,251,245,8,7,7,4,4,6,6,10,5,5,5,5,5,5,10,2,2,2,1,2,3,"03000","04500","04500","04500","04500","04500","04500",7,8,1,1,10,4,20,5,5,5,"10","15","5","15","15","25","25",21,7,5,2,"04500"
20,"Personal",0,2,56,94,251,245,8,7,7,4,4,6,6,10,5,5,5,5,5,5,10,2,2,2,1,2,3,"03000","04500","04500","04500","04500","04500","04500",7,8,1,1,10,4,20,5,5,5,"10","15","5","15","15","25","25",21,8,10,10,"03000"
20,"TrainBus",0,2,56,94,251,245,8,7,7,4,4,6,6,10,5,5,5,5,5,5,10,2,2,2,1,2,3,"03000","04500","04500","04500","04500","04500","04500",7,8,1,1,10,4,20,5,5,5,"10","15","5","15","15","25","25",21,7,5,2,"04500"
20,"Taxi",0,2,56,94,251,245,8,7,7,4,4,6,6,10,5,5,5,5,5,5,10,2,2,2,1,2,3,"03000","04500","04500","04500","04500","04500","04500",7,8,1,1,10,4,20,5,5,5,"10","15","5","15","15","25","25",21,4,5,2,"04500"
21,"Carpool",0,1,120,30,150,145,10,10,8,7,7,7,7,10,10,4,4,4,4,4,10,8,4,9,6,4,4,"03000","10000","04500","03000","04500","03000","04500",0,8,2,1,10,5,20,50,15,10,"10","3","5","30","15","45","23",28,8,4,4,"04500"
21,"Personal",1,1,120,30,150,145,10,10,8,7,7,7,7,10,10,4,4,4,4,4,10,8,4,9,6,4,4,"03000","10000","04500","03000","04500","03000","04500",0,8,2,1,10,5,20,50,15,10,"10","3","5","30","15","45","23",28,10,10,10,"03000"
21,"TrainBus",0,1,120,30,150,145,10,10,8,7,7,7,7,10,10,4,4,4,4,4,10,8,4,9,6,4,4,"03000","10000","04500","03000","04500","03000","04500",0,8,2,1,10,5,20,50,15,10,"10","3","5","30","15","45","23",28,10,10,8,"10000"
21,"Taxi",0,1,120,30,150,145,10,10,8,7,7,7,7,10,10,4,4,4,4,4,10,8,4,9,6,4,4,"03000","10000","04500","03000","04500","03000","04500",0,8,2,1,10,5,20,50,15,10,"10","3","5","30","15","45","23",28,7,4,9,"03000"
22,"Carpool",0,1,150,10,175,175,10,10,5,8,5,8,8,10,1,5,1,1,1,1,10,1,6,10,10,10,10,"01000","03000","01000","01000","01000","01000","01000",9,5,2,1,10,5,20,50,0,10,"10","15","0","15","15","20","20",50,5,5,6,"01000"
22,"Personal",0,1,150,10,175,175,10,10,5,8,5,8,8,10,1,5,1,1,1,1,10,1,6,10,10,10,10,"01000","03000","01000","01000","01000","01000","01000",9,5,2,1,10,5,20,50,0,10,"10","15","0","15","15","20","20",50,10,10,10,"01000"
22,"TrainBus",0,1,150,10,175,175,10,10,5,8,5,8,8,10,1,5,1,1,1,1,10,1,6,10,10,10,10,"01000","03000","01000","01000","01000","01000","01000",9,5,2,1,10,5,20,50,0,10,"10","15","0","15","15","20","20",50,10,1,1,"03000"
22,"Taxi",1,1,150,10,175,175,10,10,5,8,5,8,8,10,1,5,1,1,1,1,10,1,6,10,10,10,10,"01000","03000","01000","01000","01000","01000","01000",9,5,2,1,10,5,20,50,0,10,"10","15","0","15","15","20","20",50,8,1,10,"01000"
23,"Carpool",0,3,80,200,314,330,7,6,6,5,4,5,5,10,5,5,5,5,4,5,10,5,5,5,5,5,5,"03000","10000","300000","10000","10000","10000","10000",1,2,1,1,10,3,10,5,0,0,"75","25","0","50","50","50","50",88,6,5,5,"300000"
23,"Personal",1,3,80,200,314,330,7,6,6,5,4,5,5,10,5,5,5,5,4,5,10,5,5,5,5,5,5,"03000","10000","300000","10000","10000","10000","10000",1,2,1,1,10,3,10,5,0,0,"75","25","0","50","50","50","50",88,7,10,10,"03000"
23,"TrainBus",0,3,80,200,314,330,7,6,6,5,4,5,5,10,5,5,5,5,4,5,10,5,5,5,5,5,5,"03000","10000","300000","10000","10000","10000","10000",1,2,1,1,10,3,10,5,0,0,"75","25","0","50","50","50","50",88,6,5,5,"10000"
23,"Taxi",0,3,80,200,314,330,7,6,6,5,4,5,5,10,5,5,5,5,4,5,10,5,5,5,5,5,5,"03000","10000","300000","10000","10000","10000","10000",1,2,1,1,10,3,10,5,0,0,"75","25","0","50","50","50","50",88,5,5,5,"10000"
24,"Carpool",0,3,50,100,255,245,10,8,8,7,8,7,8,10,5,7,7,7,7,7,10,5,5,3,3,8,8,"04000","10000","04000","04500","04500","04000","04000",2,7,1,1,10,4,20,10,25,50,"6","21","3","67","67","178","178",58,8,7,5,"04000"
24,"Personal",1,3,50,100,255,245,10,8,8,7,8,7,8,10,5,7,7,7,7,7,10,5,5,3,3,8,8,"04000","10000","04000","04500","04500","04000","04000",2,7,1,1,10,4,20,10,25,50,"6","21","3","67","67","178","178",58,10,10,10,"04000"
24,"TrainBus",0,3,50,100,255,245,10,8,8,7,8,7,8,10,5,7,7,7,7,7,10,5,5,3,3,8,8,"04000","10000","04000","04500","04500","04000","04000",2,7,1,1,10,4,20,10,25,50,"6","21","3","67","67","178","178",58,8,5,5,"10000"
24,"Taxi",0,3,50,100,255,245,10,8,8,7,8,7,8,10,5,7,7,7,7,7,10,5,5,3,3,8,8,"04000","10000","04000","04500","04500","04000","04000",2,7,1,1,10,4,20,10,25,50,"6","21","3","67","67","178","178",58,7,7,3,"04500"
25,"Carpool",0,1,150,13.5,160,160,9,7,7,6,6,6,6,9,2,7,2,2,2,2,10,6,7,6,5,7,6,"01000","03000","01500","01500","02000","01000","02000",0,10,2,1,10,5,20,10,10,10,"1.62","","1.62","","","","",36,7,7,7,"01500"
25,"Personal",1,1,150,13.5,160,160,9,7,7,6,6,6,6,9,2,7,2,2,2,2,10,6,7,6,5,7,6,"01000","03000","01500","01500","02000","01000","02000",0,10,2,1,10,5,20,10,10,10,"1.62","","1.62","","","","",36,9,9,10,"01000"
25,"TrainBus",0,1,150,13.5,160,160,9,7,7,6,6,6,6,9,2,7,2,2,2,2,10,6,7,6,5,7,6,"01000","03000","01500","01500","02000","01000","02000",0,10,2,1,10,5,20,10,10,10,"1.62","","1.62","","","","",36,7,2,6,"03000"
25,"Taxi",0,1,150,13.5,160,160,9,7,7,6,6,6,6,9,2,7,2,2,2,2,10,6,7,6,5,7,6,"01000","03000","01500","01500","02000","01000","02000",0,10,2,1,10,5,20,10,10,10,"1.62","","1.62","","","","",36,6,2,6,"01500"
26,"Carpool",0,3,50,50,400,NA,7,8,6,5,4,5,5,6,5,5,6,4,5,5,10,6,8,5,5,5,5,"10000","13000","10000","13000","13000","13000","13000",8,10,1,1,10,3,10,50,25,25,"50","50","5","80","80","60","30",7,6,5,8,"10000"
26,"Personal",0,3,50,50,400,NA,7,8,6,5,4,5,5,6,5,5,6,4,5,5,10,6,8,5,5,5,5,"10000","13000","10000","13000","13000","13000","13000",8,10,1,1,10,3,10,50,25,25,"50","50","5","80","80","60","30",7,7,6,10,"10000"
26,"TrainBus",0,3,50,50,400,NA,7,8,6,5,4,5,5,6,5,5,6,4,5,5,10,6,8,5,5,5,5,"10000","13000","10000","13000","13000","13000","13000",8,10,1,1,10,3,10,50,25,25,"50","50","5","80","80","60","30",7,8,5,6,"13000"
26,"Taxi",1,3,50,50,400,NA,7,8,6,5,4,5,5,6,5,5,6,4,5,5,10,6,8,5,5,5,5,"10000","13000","10000","13000","13000","13000","13000",8,10,1,1,10,3,10,50,25,25,"50","50","5","80","80","60","30",7,5,6,5,"13000"
27,"Carpool",1,2,56,92,255,250,9,8,9,7,6,7,6,10,7,9,6,5,6,5,10,6,9,7,6,7,6,"43000","53000","43000","50000","50000","50000","50000",NA,7,2,1,10,6,20,10,20,27.5,"25","40","0","100","50","45","25",88,9,9,9,"43000"
27,"Personal",0,2,56,92,255,250,9,8,9,7,6,7,6,10,7,9,6,5,6,5,10,6,9,7,6,7,6,"43000","53000","43000","50000","50000","50000","50000",NA,7,2,1,10,6,20,10,20,27.5,"25","40","0","100","50","45","25",88,9,10,10,"43000"
27,"TrainBus",0,2,56,92,255,250,9,8,9,7,6,7,6,10,7,9,6,5,6,5,10,6,9,7,6,7,6,"43000","53000","43000","50000","50000","50000","50000",NA,7,2,1,10,6,20,10,20,27.5,"25","40","0","100","50","45","25",88,8,7,6,"53000"
27,"Taxi",0,2,56,92,255,250,9,8,9,7,6,7,6,10,7,9,6,5,6,5,10,6,9,7,6,7,6,"43000","53000","43000","50000","50000","50000","50000",NA,7,2,1,10,6,20,10,20,27.5,"25","40","0","100","50","45","25",88,7,6,7,"50000"
28,"Carpool",1,1,12,97,251,245,10,10,8,7,7,9,9,10,5,9,5,4,9,7,10,5,9,7,9,6,9,"10000","30000","10000","10000","10000","10000","10000",1,7,2,1,100,4,20,50,50,50,"50","20","5","40","20","50","25",2,8,9,9,"10000"
28,"Personal",0,1,12,97,251,245,10,10,8,7,7,9,9,10,5,9,5,4,9,7,10,5,9,7,9,6,9,"10000","30000","10000","10000","10000","10000","10000",1,7,2,1,100,4,20,50,50,50,"50","20","5","40","20","50","25",2,10,10,10,"10000"
28,"TrainBus",0,1,12,97,251,245,10,10,8,7,7,9,9,10,5,9,5,4,9,7,10,5,9,7,9,6,9,"10000","30000","10000","10000","10000","10000","10000",1,7,2,1,100,4,20,50,50,50,"50","20","5","40","20","50","25",2,10,5,5,"30000"
28,"Taxi",0,1,12,97,251,245,10,10,8,7,7,9,9,10,5,9,5,4,9,7,10,5,9,7,9,6,9,"10000","30000","10000","10000","10000","10000","10000",1,7,2,1,100,4,20,50,50,50,"50","20","5","40","20","50","25",2,7,5,7,"10000"
29,"Carpool",1,3,53,100,246,NA,10,10,9,9,8,8,10,10,1,8,8,6,4,8,10,1,7,6,4,10,5,"03000","13000","03000","04500","05000","03000","04000",5,3,1,1,10,4,20,15,7,7,"10","15","5","20","8","12","6",65,9,8,7,"03000"
29,"Personal",0,3,53,100,246,NA,10,10,9,9,8,8,10,10,1,8,8,6,4,8,10,1,7,6,4,10,5,"03000","13000","03000","04500","05000","03000","04000",5,3,1,1,10,4,20,15,7,7,"10","15","5","20","8","12","6",65,10,10,10,"03000"
29,"TrainBus",0,3,53,100,246,NA,10,10,9,9,8,8,10,10,1,8,8,6,4,8,10,1,7,6,4,10,5,"03000","13000","03000","04500","05000","03000","04000",5,3,1,1,10,4,20,15,7,7,"10","15","5","20","8","12","6",65,10,1,1,"13000"
29,"Taxi",0,3,53,100,246,NA,10,10,9,9,8,8,10,10,1,8,8,6,4,8,10,1,7,6,4,10,5,"03000","13000","03000","04500","05000","03000","04000",5,3,1,1,10,4,20,15,7,7,"10","15","5","20","8","12","6",65,9,8,6,"04500"
30,"Carpool",0,2,45,77,188,177,9,4,8,4,4,3,3,10,4,5,4,3,2,2,10,7,8,8,6,9,9,"04500","10000","04500","04500","04500","04500","04500",1,14,2,0,10,5,20,10,10,10,"20","2.75","0","20","10","20","10",30,8,5,8,"04500"
30,"Personal",1,2,45,77,188,177,9,4,8,4,4,3,3,10,4,5,4,3,2,2,10,7,8,8,6,9,9,"04500","10000","04500","04500","04500","04500","04500",1,14,2,0,10,5,20,10,10,10,"20","2.75","0","20","10","20","10",30,9,10,10,"04500"
30,"TrainBus",0,2,45,77,188,177,9,4,8,4,4,3,3,10,4,5,4,3,2,2,10,7,8,8,6,9,9,"04500","10000","04500","04500","04500","04500","04500",1,14,2,0,10,5,20,10,10,10,"20","2.75","0","20","10","20","10",30,4,4,7,"10000"
30,"Taxi",0,2,45,77,188,177,9,4,8,4,4,3,3,10,4,5,4,3,2,2,10,7,8,8,6,9,9,"04500","10000","04500","04500","04500","04500","04500",1,14,2,0,10,5,20,10,10,10,"20","2.75","0","20","10","20","10",30,4,4,8,"04500"
31,"Carpool",0,3,97,144,307,297,8,9,7,9,8,6,6,10,8,9,8,7,7,6,10,9,7,9,8,8,7,"13000","20000","14500","20000","20000","13000","14500",0,7,1,1,10,5,20,50,10,15,"10","80","10","90","100","260","260",17,7,9,7,"14500"
31,"Personal",1,3,97,144,307,297,8,9,7,9,8,6,6,10,8,9,8,7,7,6,10,9,7,9,8,8,7,"13000","20000","14500","20000","20000","13000","14500",0,7,1,1,10,5,20,50,10,15,"10","80","10","90","100","260","260",17,8,10,10,"13000"
31,"TrainBus",0,3,97,144,307,297,8,9,7,9,8,6,6,10,8,9,8,7,7,6,10,9,7,9,8,8,7,"13000","20000","14500","20000","20000","13000","14500",0,7,1,1,10,5,20,50,10,15,"10","80","10","90","100","260","260",17,9,8,9,"20000"
31,"Taxi",0,3,97,144,307,297,8,9,7,9,8,6,6,10,8,9,8,7,7,6,10,9,7,9,8,8,7,"13000","20000","14500","20000","20000","13000","14500",0,7,1,1,10,5,20,50,10,15,"10","80","10","90","100","260","260",17,9,8,9,"20000"
32,"Carpool",0,1,150,45,200,200,10,8,8,5,5,6,6,10,8,8,4,4,4,4,10,10,10,5,5,8,8,"04000","00000","04000","04000","04000","04000","04000",0,0,0,0,10,4,20,10,30,30,"15","40","15","100","50","50","25",30,8,8,10,"04000"
32,"Personal",1,1,150,45,200,200,10,8,8,5,5,6,6,10,8,8,4,4,4,4,10,10,10,5,5,8,8,"04000","00000","04000","04000","04000","04000","04000",0,0,0,0,10,4,20,10,30,30,"15","40","15","100","50","50","25",30,10,10,10,"04000"
32,"TrainBus",0,1,150,45,200,200,10,8,8,5,5,6,6,10,8,8,4,4,4,4,10,10,10,5,5,8,8,"04000","00000","04000","04000","04000","04000","04000",0,0,0,0,10,4,20,10,30,30,"15","40","15","100","50","50","25",30,8,8,10,"00000"
32,"Taxi",0,1,150,45,200,200,10,8,8,5,5,6,6,10,8,8,4,4,4,4,10,10,10,5,5,8,8,"04000","00000","04000","04000","04000","04000","04000",0,0,0,0,10,4,20,10,30,30,"15","40","15","100","50","50","25",30,5,4,5,"04000"
33,"Carpool",1,2,200,150,125,110,8,5,9,7,7,7,7,10,1,10,1,1,1,1,10,1,10,1,1,7,7,"02000","20000","02000","02000","02000","02000","02000",2,14,1,1,10,4,20,10,5,5,"2","10","2","10","10","15","15",76,9,10,10,"02000"
33,"Personal",0,2,200,150,125,110,8,5,9,7,7,7,7,10,1,10,1,1,1,1,10,1,10,1,1,7,7,"02000","20000","02000","02000","02000","02000","02000",2,14,1,1,10,4,20,10,5,5,"2","10","2","10","10","15","15",76,8,10,10,"02000"
33,"TrainBus",0,2,200,150,125,110,8,5,9,7,7,7,7,10,1,10,1,1,1,1,10,1,10,1,1,7,7,"02000","20000","02000","02000","02000","02000","02000",2,14,1,1,10,4,20,10,5,5,"2","10","2","10","10","15","15",76,5,1,1,"20000"
33,"Taxi",0,2,200,150,125,110,8,5,9,7,7,7,7,10,1,10,1,1,1,1,10,1,10,1,1,7,7,"02000","20000","02000","02000","02000","02000","02000",2,14,1,1,10,4,20,10,5,5,"2","10","2","10","10","15","15",76,7,1,1,"02000"
34,"Carpool",1,2,54,87,230.5,244.5,10,7,9,5,7,6,7,10,1,3,1,2,2,2,9,8,10,7,8,7,8,"41006","122545","52516","42335","43605","35406","42446",8,14,2,0,10,5,20,5,24,20,"20","15","11","45","25","52","13",90,9,3,10,"52516"
34,"Personal",0,2,54,87,230.5,244.5,10,7,9,5,7,6,7,10,1,3,1,2,2,2,9,8,10,7,8,7,8,"41006","122545","52516","42335","43605","35406","42446",8,14,2,0,10,5,20,5,24,20,"20","15","11","45","25","52","13",90,10,10,9,"41006"
34,"TrainBus",0,2,54,87,230.5,244.5,10,7,9,5,7,6,7,10,1,3,1,2,2,2,9,8,10,7,8,7,8,"41006","122545","52516","42335","43605","35406","42446",8,14,2,0,10,5,20,5,24,20,"20","15","11","45","25","52","13",90,7,1,8,"122545"
34,"Taxi",0,2,54,87,230.5,244.5,10,7,9,5,7,6,7,10,1,3,1,2,2,2,9,8,10,7,8,7,8,"41006","122545","52516","42335","43605","35406","42446",8,14,2,0,10,5,20,5,24,20,"20","15","11","45","25","52","13",90,5,1,7,"42335"
35,"Carpool",0,3,60,170,340,315,5,8,4,4,4,4,4,10,4,6,4,4,4,4,10,6,6,5,5,5,5,"13000","13000","20000","13000","13000","13000","13000",10,10,1,1,10,4,20,10,30,40,"30","20","0","150","75","100","50",50,4,6,6,"20000"
35,"Personal",1,3,60,170,340,315,5,8,4,4,4,4,4,10,4,6,4,4,4,4,10,6,6,5,5,5,5,"13000","13000","20000","13000","13000","13000","13000",10,10,1,1,10,4,20,10,30,40,"30","20","0","150","75","100","50",50,5,10,10,"13000"
35,"TrainBus",0,3,60,170,340,315,5,8,4,4,4,4,4,10,4,6,4,4,4,4,10,6,6,5,5,5,5,"13000","13000","20000","13000","13000","13000","13000",10,10,1,1,10,4,20,10,30,40,"30","20","0","150","75","100","50",50,8,4,6,"13000"
35,"Taxi",0,3,60,170,340,315,5,8,4,4,4,4,4,10,4,6,4,4,4,4,10,6,6,5,5,5,5,"13000","13000","20000","13000","13000","13000","13000",10,10,1,1,10,4,20,10,30,40,"30","20","0","150","75","100","50",50,4,4,5,"13000"
36,"Carpool",0,1,53,97,253,247,6,8,5,5,5,4,4,6,5,5,7,6,5,6,10,7,9,5,2,7,7,"13000","14500","13000","14500","14500","13500","14000",0,7,2,1,10,4,20,10,20,30,"20","50","20","60","60","100","100",69,5,5,9,"13000"
36,"Personal",1,1,53,97,253,247,6,8,5,5,5,4,4,6,5,5,7,6,5,6,10,7,9,5,2,7,7,"13000","14500","13000","14500","14500","13500","14000",0,7,2,1,10,4,20,10,20,30,"20","50","20","60","60","100","100",69,6,6,10,"13000"
36,"TrainBus",0,1,53,97,253,247,6,8,5,5,5,4,4,6,5,5,7,6,5,6,10,7,9,5,2,7,7,"13000","14500","13000","14500","14500","13500","14000",0,7,2,1,10,4,20,10,20,30,"20","50","20","60","60","100","100",69,8,5,7,"14500"
36,"Taxi",0,1,53,97,253,247,6,8,5,5,5,4,4,6,5,5,7,6,5,6,10,7,9,5,2,7,7,"13000","14500","13000","14500","14500","13500","14000",0,7,2,1,10,4,20,10,20,30,"20","50","20","60","60","100","100",69,5,7,5,"14500"
37,"Carpool",0,3,55,90,250,240,10,6,10,6,10,10,10,7,6,6,6,5,4,5,10,7,6,3,3,10,8,"04500","13000","04500","04500","04500","04500","04500",0,7,2,1,10,2,20,15,20,80,"20","100","0","150","100","200","180",85,10,6,6,"04500"
37,"Personal",1,3,55,90,250,240,10,6,10,6,10,10,10,7,6,6,6,5,4,5,10,7,6,3,3,10,8,"04500","13000","04500","04500","04500","04500","04500",0,7,2,1,10,2,20,15,20,80,"20","100","0","150","100","200","180",85,10,7,10,"04500"
37,"TrainBus",0,3,55,90,250,240,10,6,10,6,10,10,10,7,6,6,6,5,4,5,10,7,6,3,3,10,8,"04500","13000","04500","04500","04500","04500","04500",0,7,2,1,10,2,20,15,20,80,"20","100","0","150","100","200","180",85,6,6,7,"13000"
37,"Taxi",0,3,55,90,250,240,10,6,10,6,10,10,10,7,6,6,6,5,4,5,10,7,6,3,3,10,8,"04500","13000","04500","04500","04500","04500","04500",0,7,2,1,10,2,20,15,20,80,"20","100","0","150","100","200","180",85,6,6,3,"04500"
38,"Carpool",1,3,100,100,300,300,7,8,8,5,5,7,7,5,4,5,3,3,4,5,8,6,9,3,3,4,3,"10000","20000","10000","10000","10000","10000","20000",20,7,1,1,10,3,10,5,20,20,"100","40","20","80","40","200","50",51,8,5,9,"10000"
38,"Personal",0,3,100,100,300,300,7,8,8,5,5,7,7,5,4,5,3,3,4,5,8,6,9,3,3,4,3,"10000","20000","10000","10000","10000","10000","20000",20,7,1,1,10,3,10,5,20,20,"100","40","20","80","40","200","50",51,7,5,8,"10000"
38,"TrainBus",0,3,100,100,300,300,7,8,8,5,5,7,7,5,4,5,3,3,4,5,8,6,9,3,3,4,3,"10000","20000","10000","10000","10000","10000","20000",20,7,1,1,10,3,10,5,20,20,"100","40","20","80","40","200","50",51,8,4,6,"20000"
38,"Taxi",0,3,100,100,300,300,7,8,8,5,5,7,7,5,4,5,3,3,4,5,8,6,9,3,3,4,3,"10000","20000","10000","10000","10000","10000","20000",20,7,1,1,10,3,10,5,20,20,"100","40","20","80","40","200","50",51,5,3,3,"10000"
39,"Carpool",1,2,265,174,25,14,9,9,10,8,7,9,9,9,8,9,8,6,8,8,10,8,10,9,7,9,9,"02500","21200","02200","03000","04500","03000","04500",0,0,0,1,10,5,20,10,50,60,"50","20","0","30","20","30","20",61,10,9,10,"02200"
39,"Personal",0,2,265,174,25,14,9,9,10,8,7,9,9,9,8,9,8,6,8,8,10,8,10,9,7,9,9,"02500","21200","02200","03000","04500","03000","04500",0,0,0,1,10,5,20,10,50,60,"50","20","0","30","20","30","20",61,9,9,10,"02500"
39,"TrainBus",0,2,265,174,25,14,9,9,10,8,7,9,9,9,8,9,8,6,8,8,10,8,10,9,7,9,9,"02500","21200","02200","03000","04500","03000","04500",0,0,0,1,10,5,20,10,50,60,"50","20","0","30","20","30","20",61,9,8,8,"21200"
39,"Taxi",0,2,265,174,25,14,9,9,10,8,7,9,9,9,8,9,8,6,8,8,10,8,10,9,7,9,9,"02500","21200","02200","03000","04500","03000","04500",0,0,0,1,10,5,20,10,50,60,"50","20","0","30","20","30","20",61,8,8,9,"03000"
40,"Carpool",0,2,58,94,250,245,8,7,8,6,6,7,6,10,2,8,7,5,7,5,10,4,9,6,5,8,6,"11000","24000","13000","13000","20000","12000","15000",2.5,30,3,0,10,2,20,5,20,20,"20","6","10","50","20","70","40",66,8,8,9,"13000"
40,"Personal",1,2,58,94,250,245,8,7,8,6,6,7,6,10,2,8,7,5,7,5,10,4,9,6,5,8,6,"11000","24000","13000","13000","20000","12000","15000",2.5,30,3,0,10,2,20,5,20,20,"20","6","10","50","20","70","40",66,8,10,10,"11000"
40,"TrainBus",0,2,58,94,250,245,8,7,8,6,6,7,6,10,2,8,7,5,7,5,10,4,9,6,5,8,6,"11000","24000","13000","13000","20000","12000","15000",2.5,30,3,0,10,2,20,5,20,20,"20","6","10","50","20","70","40",66,7,2,4,"24000"
40,"Taxi",0,2,58,94,250,245,8,7,8,6,6,7,6,10,2,8,7,5,7,5,10,4,9,6,5,8,6,"11000","24000","13000","13000","20000","12000","15000",2.5,30,3,0,10,2,20,5,20,20,"20","6","10","50","20","70","40",66,6,7,6,"13000"
41,"Carpool",0,2,268,160,11,33,10,6,10,5,4,5,5,10,3,7,4,3,4,4,8,8,10,9,9,10,10,"04000","10000","04000","04000","04000","04000","05000",7,21,1,0,10,5,10,5,60,70,"0","5","0","60","50","70","60",47,10,7,10,"04000"
41,"Personal",0,2,268,160,11,33,10,6,10,5,4,5,5,10,3,7,4,3,4,4,8,8,10,9,9,10,10,"04000","10000","04000","04000","04000","04000","05000",7,21,1,0,10,5,10,5,60,70,"0","5","0","60","50","70","60",47,10,10,8,"04000"
41,"TrainBus",0,2,268,160,11,33,10,6,10,5,4,5,5,10,3,7,4,3,4,4,8,8,10,9,9,10,10,"04000","10000","04000","04000","04000","04000","05000",7,21,1,0,10,5,10,5,60,70,"0","5","0","60","50","70","60",47,6,3,8,"10000"
41,"Taxi",1,2,268,160,11,33,10,6,10,5,4,5,5,10,3,7,4,3,4,4,8,8,10,9,9,10,10,"04000","10000","04000","04000","04000","04000","05000",7,21,1,0,10,5,10,5,60,70,"0","5","0","60","50","70","60",47,5,4,9,"04000"
42,"Carpool",0,3,44,77,188,178,10,10,10,10,10,10,10,10,1,1,1,1,1,1,10,1,1,1,1,1,1,"20000","50000","20000","23000","23000","23000","23000",4,8,2,1,10,4,20,50,0,0,"12 ","30 ","5 ","50 ","10 ","75 ","15 ",62,10,1,1,"20000"
42,"Personal",1,3,44,77,188,178,10,10,10,10,10,10,10,10,1,1,1,1,1,1,10,1,1,1,1,1,1,"20000","50000","20000","23000","23000","23000","23000",4,8,2,1,10,4,20,50,0,0,"12 ","30 ","5 ","50 ","10 ","75 ","15 ",62,10,10,10,"20000"
42,"TrainBus",0,3,44,77,188,178,10,10,10,10,10,10,10,10,1,1,1,1,1,1,10,1,1,1,1,1,1,"20000","50000","20000","23000","23000","23000","23000",4,8,2,1,10,4,20,50,0,0,"12 ","30 ","5 ","50 ","10 ","75 ","15 ",62,10,1,1,"50000"
42,"Taxi",0,3,44,77,188,178,10,10,10,10,10,10,10,10,1,1,1,1,1,1,10,1,1,1,1,1,1,"20000","50000","20000","23000","23000","23000","23000",4,8,2,1,10,4,20,50,0,0,"12 ","30 ","5 ","50 ","10 ","75 ","15 ",62,10,1,1,"23000"
43,"Carpool",0,1,55,20,150,NA,10,10,10,10,10,10,10,10,10,10,10,10,10,10,10,10,10,10,10,10,10,"05500","20000","05500","10000","11500","05500","13000",5,7,4,1,10,3,20,50,25,10,"3","5","0","10","2","15","5",34,10,10,10,"05500"
43,"Personal",0,1,55,20,150,NA,10,10,10,10,10,10,10,10,10,10,10,10,10,10,10,10,10,10,10,10,10,"05500","20000","05500","10000","11500","05500","13000",5,7,4,1,10,3,20,50,25,10,"3","5","0","10","2","15","5",34,10,10,10,"05500"
43,"TrainBus",0,1,55,20,150,NA,10,10,10,10,10,10,10,10,10,10,10,10,10,10,10,10,10,10,10,10,10,"05500","20000","05500","10000","11500","05500","13000",5,7,4,1,10,3,20,50,25,10,"3","5","0","10","2","15","5",34,10,10,10,"20000"
43,"Taxi",1,1,55,20,150,NA,10,10,10,10,10,10,10,10,10,10,10,10,10,10,10,10,10,10,10,10,10,"05500","20000","05500","10000","11500","05500","13000",5,7,4,1,10,3,20,50,25,10,"3","5","0","10","2","15","5",34,10,10,10,"10000"
44,"Carpool",0,1,53,100,246,NA,10,4,8,1,1,1,1,10,1,4,1,1,1,1,10,1,1,1,1,1,1,"13800","20000","13800","24000","20000","20200","22200",1,3,1,1,10,3,20,15,10,10,"30","14","0","25","25","45","45",72,8,4,1,"13800"
44,"Personal",1,1,53,100,246,NA,10,4,8,1,1,1,1,10,1,4,1,1,1,1,10,1,1,1,1,1,1,"13800","20000","13800","24000","20000","20200","22200",1,3,1,1,10,3,20,15,10,10,"30","14","0","25","25","45","45",72,10,10,10,"13800"
44,"TrainBus",0,1,53,100,246,NA,10,4,8,1,1,1,1,10,1,4,1,1,1,1,10,1,1,1,1,1,1,"13800","20000","13800","24000","20000","20200","22200",1,3,1,1,10,3,20,15,10,10,"30","14","0","25","25","45","45",72,4,1,1,"20000"
44,"Taxi",0,1,53,100,246,NA,10,4,8,1,1,1,1,10,1,4,1,1,1,1,10,1,1,1,1,1,1,"13800","20000","13800","24000","20000","20200","22200",1,3,1,1,10,3,20,15,10,10,"30","14","0","25","25","45","45",72,1,1,1,"24000"
45,"Carpool",1,2,313,212,52,72,8,8,8,9,9,9,9,8,8,7,8,7,8,8,9,7,9,8,8,8,8,"10000","13000","10000","10000","10000","10000","10000",1,5,1,1,10,3,20,10,40,60,"15","25","15","50","50","50","50",54,8,7,9,"10000"
45,"Personal",0,2,313,212,52,72,8,8,8,9,9,9,9,8,8,7,8,7,8,8,9,7,9,8,8,8,8,"10000","13000","10000","10000","10000","10000","10000",1,5,1,1,10,3,20,10,40,60,"15","25","15","50","50","50","50",54,8,8,9,"10000"
45,"TrainBus",0,2,313,212,52,72,8,8,8,9,9,9,9,8,8,7,8,7,8,8,9,7,9,8,8,8,8,"10000","13000","10000","10000","10000","10000","10000",1,5,1,1,10,3,20,10,40,60,"15","25","15","50","50","50","50",54,8,8,7,"13000"
45,"Taxi",0,2,313,212,52,72,8,8,8,9,9,9,9,8,8,7,8,7,8,8,9,7,9,8,8,8,8,"10000","13000","10000","10000","10000","10000","10000",1,5,1,1,10,3,20,10,40,60,"15","25","15","50","50","50","50",54,9,8,8,"10000"
46,"Carpool",0,3,50,95,260,245,8,8,6,7,7,7,7,10,4,4,4,4,4,4,10,3,5,5,5,5,5,"10000","10000","10000","10000","10000","10000","10000",3,7,1,0,10,3,25,50,30,45,"20","30","35","70","35","100","50",24,6,4,5,"10000"
46,"Personal",0,3,50,95,260,245,8,8,6,7,7,7,7,10,4,4,4,4,4,4,10,3,5,5,5,5,5,"10000","10000","10000","10000","10000","10000","10000",3,7,1,0,10,3,25,50,30,45,"20","30","35","70","35","100","50",24,8,10,10,"10000"
46,"TrainBus",0,3,50,95,260,245,8,8,6,7,7,7,7,10,4,4,4,4,4,4,10,3,5,5,5,5,5,"10000","10000","10000","10000","10000","10000","10000",3,7,1,0,10,3,25,50,30,45,"20","30","35","70","35","100","50",24,8,4,3,"10000"
46,"Taxi",1,3,50,95,260,245,8,8,6,7,7,7,7,10,4,4,4,4,4,4,10,3,5,5,5,5,5,"10000","10000","10000","10000","10000","10000","10000",3,7,1,0,10,3,25,50,30,45,"20","30","35","70","35","100","50",24,7,4,5,"10000"
47,"Carpool",0,3,51,96,260,247,5,9,5,4,3,4,3,10,2,9,4,4,4,4,7,5,7,4,4,10,10,"10000","20000","10000","10000","10000","10000","10000",4,6,1,1,40,2,20,10,20,30,"15","60","0","50","50","60","60",67,5,9,7,"10000"
47,"Personal",1,3,51,96,260,247,5,9,5,4,3,4,3,10,2,9,4,4,4,4,7,5,7,4,4,10,10,"10000","20000","10000","10000","10000","10000","10000",4,6,1,1,40,2,20,10,20,30,"15","60","0","50","50","60","60",67,5,10,7,"10000"
47,"TrainBus",0,3,51,96,260,247,5,9,5,4,3,4,3,10,2,9,4,4,4,4,7,5,7,4,4,10,10,"10000","20000","10000","10000","10000","10000","10000",4,6,1,1,40,2,20,10,20,30,"15","60","0","50","50","60","60",67,9,2,5,"20000"
47,"Taxi",0,3,51,96,260,247,5,9,5,4,3,4,3,10,2,9,4,4,4,4,7,5,7,4,4,10,10,"10000","20000","10000","10000","10000","10000","10000",4,6,1,1,40,2,20,10,20,30,"15","60","0","50","50","60","60",67,4,4,4,"10000"
48,"Carpool",0,3,56,96,255,268,10,8,6,5,4,2,1,10,9,9,4,3,2,1,10,4,8,8,5,2,1,"10500","43000","21000","120000","120000","120000","120000",1,3,1,1,10,2,40,5,NA,NA,"810       ","25","010       ","","","","",17,6,9,8,"21000"
48,"Personal",0,3,56,96,255,268,10,8,6,5,4,2,1,10,9,9,4,3,2,1,10,4,8,8,5,2,1,"10500","43000","21000","120000","120000","120000","120000",1,3,1,1,10,2,40,5,NA,NA,"810       ","25","010       ","","","","",17,10,10,10,"10500"
48,"TrainBus",0,3,56,96,255,268,10,8,6,5,4,2,1,10,9,9,4,3,2,1,10,4,8,8,5,2,1,"10500","43000","21000","120000","120000","120000","120000",1,3,1,1,10,2,40,5,NA,NA,"810       ","25","010       ","","","","",17,8,9,4,"43000"
48,"Taxi",1,3,56,96,255,268,10,8,6,5,4,2,1,10,9,9,4,3,2,1,10,4,8,8,5,2,1,"10500","43000","21000","120000","120000","120000","120000",1,3,1,1,10,2,40,5,NA,NA,"810       ","25","010       ","","","","",17,5,4,8,"120000"
49,"Carpool",0,3,60,100,260,260,10,10,7,7,7,6,6,10,5,7,6,5,5,5,7,7,5,7,3,7,5,"11000","00000","00000","00000","00000","00000","00000",3,5,1,1,40,5,65,50,50,60,"60","","","","","","",27,7,7,5,"00000"
49,"Personal",1,3,60,100,260,260,10,10,7,7,7,6,6,10,5,7,6,5,5,5,7,7,5,7,3,7,5,"11000","00000","00000","00000","00000","00000","00000",3,5,1,1,40,5,65,50,50,60,"60","","","","","","",27,10,10,7,"11000"
49,"TrainBus",0,3,60,100,260,260,10,10,7,7,7,6,6,10,5,7,6,5,5,5,7,7,5,7,3,7,5,"11000","00000","00000","00000","00000","00000","00000",3,5,1,1,40,5,65,50,50,60,"60","","","","","","",27,10,5,7,"00000"
49,"Taxi",0,3,60,100,260,260,10,10,7,7,7,6,6,10,5,7,6,5,5,5,7,7,5,7,3,7,5,"11000","00000","00000","00000","00000","00000","00000",3,5,1,1,40,5,65,50,50,60,"60","","","","","","",27,7,6,7,"00000"
50,"Carpool",0,3,50,100,230,NA,10,8,8,2,2,6,5,10,2,10,2,1,8,5,8,9,9,1,1,10,3,"10000","20000","10000","10000","13000","10000","13000",20,10,1,1,100,5,40,5,50,75,"60","80","30","  ","  ","  ","  ",38,8,10,9,"10000"
50,"Personal",0,3,50,100,230,NA,10,8,8,2,2,6,5,10,2,10,2,1,8,5,8,9,9,1,1,10,3,"10000","20000","10000","10000","13000","10000","13000",20,10,1,1,100,5,40,5,50,75,"60","80","30","  ","  ","  ","  ",38,10,10,8,"10000"
50,"TrainBus",0,3,50,100,230,NA,10,8,8,2,2,6,5,10,2,10,2,1,8,5,8,9,9,1,1,10,3,"10000","20000","10000","10000","13000","10000","13000",20,10,1,1,100,5,40,5,50,75,"60","80","30","  ","  ","  ","  ",38,8,2,9,"20000"
50,"Taxi",1,3,50,100,230,NA,10,8,8,2,2,6,5,10,2,10,2,1,8,5,8,9,9,1,1,10,3,"10000","20000","10000","10000","13000","10000","13000",20,10,1,1,100,5,40,5,50,75,"60","80","30","  ","  ","  ","  ",38,2,2,1,"10000"
51,"Carpool",0,3,52,80,250,240,10,9,10,9,9,9,9,10,5,10,7,5,7,5,10,7,9,8,7,8,7,"10000","13000","11000","13000","14500","13000","14500",10,10,1,1,40,2,25,10,25,40,"40   ","            ","40             ","     ","","","",17,10,10,9,"11000"
51,"Personal",1,3,52,80,250,240,10,9,10,9,9,9,9,10,5,10,7,5,7,5,10,7,9,8,7,8,7,"10000","13000","11000","13000","14500","13000","14500",10,10,1,1,40,2,25,10,25,40,"40   ","            ","40             ","     ","","","",17,10,10,10,"10000"
51,"TrainBus",0,3,52,80,250,240,10,9,10,9,9,9,9,10,5,10,7,5,7,5,10,7,9,8,7,8,7,"10000","13000","11000","13000","14500","13000","14500",10,10,1,1,40,2,25,10,25,40,"40   ","            ","40             ","     ","","","",17,9,5,7,"13000"
51,"Taxi",0,3,52,80,250,240,10,9,10,9,9,9,9,10,5,10,7,5,7,5,10,7,9,8,7,8,7,"10000","13000","11000","13000","14500","13000","14500",10,10,1,1,40,2,25,10,25,40,"40   ","            ","40             ","     ","","","",17,9,7,8,"13000"
52,"Carpool",0,3,46,100,246,NA,10,10,10,10,10,10,10,10,10,10,10,10,10,10,10,7,7,7,6,7,7,"05000","13000","05000","05000","05000","05000","05000",NA,3,1,1,40,1,25,15,15,30,"15","50","25","50","40","60","50",18,10,10,7,"05000"
52,"Personal",1,3,46,100,246,NA,10,10,10,10,10,10,10,10,10,10,10,10,10,10,10,7,7,7,6,7,7,"05000","13000","05000","05000","05000","05000","05000",NA,3,1,1,40,1,25,15,15,30,"15","50","25","50","40","60","50",18,10,10,10,"05000"
52,"TrainBus",0,3,46,100,246,NA,10,10,10,10,10,10,10,10,10,10,10,10,10,10,10,7,7,7,6,7,7,"05000","13000","05000","05000","05000","05000","05000",NA,3,1,1,40,1,25,15,15,30,"15","50","25","50","40","60","50",18,10,10,7,"13000"
52,"Taxi",0,3,46,100,246,NA,10,10,10,10,10,10,10,10,10,10,10,10,10,10,10,7,7,7,6,7,7,"05000","13000","05000","05000","05000","05000","05000",NA,3,1,1,40,1,25,15,15,30,"15","50","25","50","40","60","50",18,10,10,7,"05000"
53,"Carpool",0,3,55,94,245,NA,8,9,8,8,8,8,8,10,7,8,7,7,7,7,10,4,7,8,8,7,9,"10000","11300","10000","10000","10000","10000","10000",15,14,1,1,40,4,NA,10,15,20,"15","","10","90","45","","",78,8,8,7,"10000"
53,"Personal",1,3,55,94,245,NA,8,9,8,8,8,8,8,10,7,8,7,7,7,7,10,4,7,8,8,7,9,"10000","11300","10000","10000","10000","10000","10000",15,14,1,1,40,4,NA,10,15,20,"15","","10","90","45","","",78,8,10,10,"10000"
53,"TrainBus",0,3,55,94,245,NA,8,9,8,8,8,8,8,10,7,8,7,7,7,7,10,4,7,8,8,7,9,"10000","11300","10000","10000","10000","10000","10000",15,14,1,1,40,4,NA,10,15,20,"15","","10","90","45","","",78,9,7,4,"11300"
53,"Taxi",0,3,55,94,245,NA,8,9,8,8,8,8,8,10,7,8,7,7,7,7,10,4,7,8,8,7,9,"10000","11300","10000","10000","10000","10000","10000",15,14,1,1,40,4,NA,10,15,20,"15","","10","90","45","","",78,8,7,8,"10000"
54,"Carpool",0,3,48,101,250,NA,4,7,5,6,4,5,5,10,5,7,10,4,3,3,9,5,5,4,4,4,4,"05000","13000","05000","05000","05000","05000","05000",5,5,2,1,40,1,25,10,40,60,"26"," ","613","80","2060","80","2060",60,5,7,5,"05000"
54,"Personal",1,3,48,101,250,NA,4,7,5,6,4,5,5,10,5,7,10,4,3,3,9,5,5,4,4,4,4,"05000","13000","05000","05000","05000","05000","05000",5,5,2,1,40,1,25,10,40,60,"26"," ","613","80","2060","80","2060",60,4,10,9,"05000"
54,"TrainBus",0,3,48,101,250,NA,4,7,5,6,4,5,5,10,5,7,10,4,3,3,9,5,5,4,4,4,4,"05000","13000","05000","05000","05000","05000","05000",5,5,2,1,40,1,25,10,40,60,"26"," ","613","80","2060","80","2060",60,7,5,5,"13000"
54,"Taxi",0,3,48,101,250,NA,4,7,5,6,4,5,5,10,5,7,10,4,3,3,9,5,5,4,4,4,4,"05000","13000","05000","05000","05000","05000","05000",5,5,2,1,40,1,25,10,40,60,"26"," ","613","80","2060","80","2060",60,6,10,4,"05000"
55,"Carpool",0,3,57,93.2,256,NA,10,10,8,9,9,9,9,10,9,9,9,9,9,9,10,7,9,8,7,9,9,"10000","20000","10000","10000","10000","10000","10000",6,30,1,0,10,5,20,15,14,14,"13","20","0","60","40","70","35",31,8,9,9,"10000"
55,"Personal",0,3,57,93.2,256,NA,10,10,8,9,9,9,9,10,9,9,9,9,9,9,10,7,9,8,7,9,9,"10000","20000","10000","10000","10000","10000","10000",6,30,1,0,10,5,20,15,14,14,"13","20","0","60","40","70","35",31,10,10,10,"10000"
55,"TrainBus",0,3,57,93.2,256,NA,10,10,8,9,9,9,9,10,9,9,9,9,9,9,10,7,9,8,7,9,9,"10000","20000","10000","10000","10000","10000","10000",6,30,1,0,10,5,20,15,14,14,"13","20","0","60","40","70","35",31,10,9,7,"20000"
55,"Taxi",1,3,57,93.2,256,NA,10,10,8,9,9,9,9,10,9,9,9,9,9,9,10,7,9,8,7,9,9,"10000","20000","10000","10000","10000","10000","10000",6,30,1,0,10,5,20,15,14,14,"13","20","0","60","40","70","35",31,9,9,8,"10000"
56,"Carpool",1,2,60,90,340,NA,8,10,8,8,8,9,8,10,10,8,7,7,7,7,10,6,9,7,7,8,7,"40000","60000","40000","40000","40000","40000","40000",6,30,3,1,10,6,20,5,60,90,"60","100","40","150","75","150","75",100,8,8,9,"40000"
56,"Personal",0,2,60,90,340,NA,8,10,8,8,8,9,8,10,10,8,7,7,7,7,10,6,9,7,7,8,7,"40000","60000","40000","40000","40000","40000","40000",6,30,3,1,10,6,20,5,60,90,"60","100","40","150","75","150","75",100,8,10,10,"40000"
56,"TrainBus",0,2,60,90,340,NA,8,10,8,8,8,9,8,10,10,8,7,7,7,7,10,6,9,7,7,8,7,"40000","60000","40000","40000","40000","40000","40000",6,30,3,1,10,6,20,5,60,90,"60","100","40","150","75","150","75",100,10,10,6,"60000"
56,"Taxi",0,2,60,90,340,NA,8,10,8,8,8,9,8,10,10,8,7,7,7,7,10,6,9,7,7,8,7,"40000","60000","40000","40000","40000","40000","40000",6,30,3,1,10,6,20,5,60,90,"60","100","40","150","75","150","75",100,8,7,7,"40000"
57,"Carpool",1,2,54,90,255,NA,10,10,10,10,10,10,10,10,3,3,3,3,3,3,10,4,10,8,5,9,6,"60000","60000","60000","60000","60000","60000","60000",1,NA,2,0,10,5,20,5,20,40,"200","200","200","200","200","200","200",41,10,3,10,"60000"
57,"Personal",0,2,54,90,255,NA,10,10,10,10,10,10,10,10,3,3,3,3,3,3,10,4,10,8,5,9,6,"60000","60000","60000","60000","60000","60000","60000",1,NA,2,0,10,5,20,5,20,40,"200","200","200","200","200","200","200",41,10,10,10,"60000"
57,"TrainBus",0,2,54,90,255,NA,10,10,10,10,10,10,10,10,3,3,3,3,3,3,10,4,10,8,5,9,6,"60000","60000","60000","60000","60000","60000","60000",1,NA,2,0,10,5,20,5,20,40,"200","200","200","200","200","200","200",41,10,3,4,"60000"
57,"Taxi",0,2,54,90,255,NA,10,10,10,10,10,10,10,10,3,3,3,3,3,3,10,4,10,8,5,9,6,"60000","60000","60000","60000","60000","60000","60000",1,NA,2,0,10,5,20,5,20,40,"200","200","200","200","200","200","200",41,10,3,8,"60000"
58,"Carpool",0,2,55,130,233,NA,9,7,7,6,4,9,3,10,6,8,7,3,5,4,9,7,8,7,6,7,6,"34500","43000","34500","41500","41500","40000","41500",4,40,3,0,10,4,20,5,25,37,"        70","    70","22.5","    ","    ","100","     50",61,7,8,8,"34500"
58,"Personal",0,2,55,130,233,NA,9,7,7,6,4,9,3,10,6,8,7,3,5,4,9,7,8,7,6,7,6,"34500","43000","34500","41500","41500","40000","41500",4,40,3,0,10,4,20,5,25,37,"        70","    70","22.5","    ","    ","100","     50",61,9,10,9,"34500"
58,"TrainBus",0,2,55,130,233,NA,9,7,7,6,4,9,3,10,6,8,7,3,5,4,9,7,8,7,6,7,6,"34500","43000","34500","41500","41500","40000","41500",4,40,3,0,10,4,20,5,25,37,"        70","    70","22.5","    ","    ","100","     50",61,7,6,7,"43000"
58,"Taxi",1,2,55,130,233,NA,9,7,7,6,4,9,3,10,6,8,7,3,5,4,9,7,8,7,6,7,6,"34500","43000","34500","41500","41500","40000","41500",4,40,3,0,10,4,20,5,25,37,"        70","    70","22.5","    ","    ","100","     50",61,6,7,7,"41500"
59,"Carpool",1,3,58,94.2,257,NA,10,10,10,10,10,10,10,10,10,10,10,10,10,10,10,10,10,10,10,10,10,"43000","53000","43000","40000","43000","33000","33000",12,4,3,0,10,5,20,10,20,30,"40","80","30","200","200","180","140",94,10,10,10,"43000"
59,"Personal",0,3,58,94.2,257,NA,10,10,10,10,10,10,10,10,10,10,10,10,10,10,10,10,10,10,10,10,10,"43000","53000","43000","40000","43000","33000","33000",12,4,3,0,10,5,20,10,20,30,"40","80","30","200","200","180","140",94,10,10,10,"43000"
59,"TrainBus",0,3,58,94.2,257,NA,10,10,10,10,10,10,10,10,10,10,10,10,10,10,10,10,10,10,10,10,10,"43000","53000","43000","40000","43000","33000","33000",12,4,3,0,10,5,20,10,20,30,"40","80","30","200","200","180","140",94,10,10,10,"53000"
59,"Taxi",0,3,58,94.2,257,NA,10,10,10,10,10,10,10,10,10,10,10,10,10,10,10,10,10,10,10,10,10,"43000","53000","43000","40000","43000","33000","33000",12,4,3,0,10,5,20,10,20,30,"40","80","30","200","200","180","140",94,10,10,10,"40000"
60,"Carpool",1,2,50,100,250,NA,7,8,9,6,6,6,6,10,9,9,6,6,6,6,10,6,10,10,10,9,9,"50000","80000","50000","60000","60000","60000","60000",2,30,2,0,10,1,20,5,20,40,"200","150","100","300","250","250","125",19,9,9,10,"50000"
60,"Personal",0,2,50,100,250,NA,7,8,9,6,6,6,6,10,9,9,6,6,6,6,10,6,10,10,10,9,9,"50000","80000","50000","60000","60000","60000","60000",2,30,2,0,10,1,20,5,20,40,"200","150","100","300","250","250","125",19,7,10,10,"50000"
60,"TrainBus",0,2,50,100,250,NA,7,8,9,6,6,6,6,10,9,9,6,6,6,6,10,6,10,10,10,9,9,"50000","80000","50000","60000","60000","60000","60000",2,30,2,0,10,1,20,5,20,40,"200","150","100","300","250","250","125",19,8,9,6,"80000"
60,"Taxi",0,2,50,100,250,NA,7,8,9,6,6,6,6,10,9,9,6,6,6,6,10,6,10,10,10,9,9,"50000","80000","50000","60000","60000","60000","60000",2,30,2,0,10,1,20,5,20,40,"200","150","100","300","250","250","125",19,6,6,10,"60000"
61,"Carpool",0,2,40,110,170,NA,10,7,8,2,2,5,5,10,6,8,2,2,2,2,9,5,7,2,4,5,5,"40000","50000","50000","33000","33030","33000","33000",6,18,2,0,10,3,20,15,35,70,"70","60","40","400","400","200","200",61,8,8,7,"50000"
61,"Personal",1,2,40,110,170,NA,10,7,8,2,2,5,5,10,6,8,2,2,2,2,9,5,7,2,4,5,5,"40000","50000","50000","33000","33030","33000","33000",6,18,2,0,10,3,20,15,35,70,"70","60","40","400","400","200","200",61,10,10,9,"40000"
61,"TrainBus",0,2,40,110,170,NA,10,7,8,2,2,5,5,10,6,8,2,2,2,2,9,5,7,2,4,5,5,"40000","50000","50000","33000","33030","33000","33000",6,18,2,0,10,3,20,15,35,70,"70","60","40","400","400","200","200",61,7,6,5,"50000"
61,"Taxi",0,2,40,110,170,NA,10,7,8,2,2,5,5,10,6,8,2,2,2,2,9,5,7,2,4,5,5,"40000","50000","50000","33000","33030","33000","33000",6,18,2,0,10,3,20,15,35,70,"70","60","40","400","400","200","200",61,2,2,2,"33000"
62,"Carpool",0,2,60,100,250,NA,10,10,9,8,7,9,9,10,1,3,7,3,8,3,10,1,5,5,1,5,1,"33030","60001","34010","41030","41130","40002","40100",3,30,2,0,10,1,20,5,30,45,"30","70","20","300","60","350","50",48,9,3,5,"34010"
62,"Personal",0,2,60,100,250,NA,10,10,9,8,7,9,9,10,1,3,7,3,8,3,10,1,5,5,1,5,1,"33030","60001","34010","41030","41130","40002","40100",3,30,2,0,10,1,20,5,30,45,"30","70","20","300","60","350","50",48,10,10,10,"33030"
62,"TrainBus",0,2,60,100,250,NA,10,10,9,8,7,9,9,10,1,3,7,3,8,3,10,1,5,5,1,5,1,"33030","60001","34010","41030","41130","40002","40100",3,30,2,0,10,1,20,5,30,45,"30","70","20","300","60","350","50",48,10,1,1,"60001"
62,"Taxi",1,2,60,100,250,NA,10,10,9,8,7,9,9,10,1,3,7,3,8,3,10,1,5,5,1,5,1,"33030","60001","34010","41030","41130","40002","40100",3,30,2,0,10,1,20,5,30,45,"30","70","20","300","60","350","50",48,8,7,5,"41030"
63,"Carpool",0,3,57.7,94,257.1,NA,8,8,9,7,6,7,7,9,5,7,7,6,7,7,9,7,8,7,6,8,8,"05000","10000","05700","10000","05500","05500","05500",12,30,2,0,10,5,20,15,45,80,"10","20","0","70","57","120","60",47,9,7,8,"05700"
63,"Personal",0,3,57.7,94,257.1,NA,8,8,9,7,6,7,7,9,5,7,7,6,7,7,9,7,8,7,6,8,8,"05000","10000","05700","10000","05500","05500","05500",12,30,2,0,10,5,20,15,45,80,"10","20","0","70","57","120","60",47,8,9,9,"05000"
63,"TrainBus",0,3,57.7,94,257.1,NA,8,8,9,7,6,7,7,9,5,7,7,6,7,7,9,7,8,7,6,8,8,"05000","10000","05700","10000","05500","05500","05500",12,30,2,0,10,5,20,15,45,80,"10","20","0","70","57","120","60",47,8,5,7,"10000"
63,"Taxi",1,3,57.7,94,257.1,NA,8,8,9,7,6,7,7,9,5,7,7,6,7,7,9,7,8,7,6,8,8,"05000","10000","05700","10000","05500","05500","05500",12,30,2,0,10,5,20,15,45,80,"10","20","0","70","57","120","60",47,7,7,7,"10000"
64,"Carpool",0,3,50,97,262,NA,9,9,9,9,9,9,9,10,5,5,5,5,5,5,10,3,8,8,8,9,8,"10000","12000","10000","11000","11000","11000","11000",5,3,1,1,40,2,40,5,NA,NA,"60","80","40","60","60","60","60",90,9,5,8,"10000"
64,"Personal",1,3,50,97,262,NA,9,9,9,9,9,9,9,10,5,5,5,5,5,5,10,3,8,8,8,9,8,"10000","12000","10000","11000","11000","11000","11000",5,3,1,1,40,2,40,5,NA,NA,"60","80","40","60","60","60","60",90,9,10,10,"10000"
64,"TrainBus",0,3,50,97,262,NA,9,9,9,9,9,9,9,10,5,5,5,5,5,5,10,3,8,8,8,9,8,"10000","12000","10000","11000","11000","11000","11000",5,3,1,1,40,2,40,5,NA,NA,"60","80","40","60","60","60","60",90,9,5,3,"12000"
64,"Taxi",0,3,50,97,262,NA,9,9,9,9,9,9,9,10,5,5,5,5,5,5,10,3,8,8,8,9,8,"10000","12000","10000","11000","11000","11000","11000",5,3,1,1,40,2,40,5,NA,NA,"60","80","40","60","60","60","60",90,9,5,8,"11000"
65,"Carpool",0,3,60,120,270,NA,9,7,8,6,6,5,5,10,5,6,7,5,6,5,9,7,7,7,7,7,7,"10000","10000","10000","10000","10000","10000","10000",2,5,2,1,40,1,40,10,20,40,"25","20","10","75","50","75","50",33,8,6,7,"10000"
65,"Personal",1,3,60,120,270,NA,9,7,8,6,6,5,5,10,5,6,7,5,6,5,9,7,7,7,7,7,7,"10000","10000","10000","10000","10000","10000","10000",2,5,2,1,40,1,40,10,20,40,"25","20","10","75","50","75","50",33,9,10,9,"10000"
65,"TrainBus",0,3,60,120,270,NA,9,7,8,6,6,5,5,10,5,6,7,5,6,5,9,7,7,7,7,7,7,"10000","10000","10000","10000","10000","10000","10000",2,5,2,1,40,1,40,10,20,40,"25","20","10","75","50","75","50",33,7,5,7,"10000"
65,"Taxi",0,3,60,120,270,NA,9,7,8,6,6,5,5,10,5,6,7,5,6,5,9,7,7,7,7,7,7,"10000","10000","10000","10000","10000","10000","10000",2,5,2,1,40,1,40,10,20,40,"25","20","10","75","50","75","50",33,6,7,7,"10000"
66,"Carpool",0,2,10,10,200,NA,3,7,9,8,8,8,8,10,4,8,6,6,5,5,8,7,9,9,10,10,10,"33000","40000","30000","30000","31500","33000","33000",10,6,1,1,10,2,25,10,20,30,"100","20","50","200","100","300","150",36,9,8,9,"30000"
66,"Personal",0,2,10,10,200,NA,3,7,9,8,8,8,8,10,4,8,6,6,5,5,8,7,9,9,10,10,10,"33000","40000","30000","30000","31500","33000","33000",10,6,1,1,10,2,25,10,20,30,"100","20","50","200","100","300","150",36,3,10,8,"33000"
66,"TrainBus",1,2,10,10,200,NA,3,7,9,8,8,8,8,10,4,8,6,6,5,5,8,7,9,9,10,10,10,"33000","40000","30000","30000","31500","33000","33000",10,6,1,1,10,2,25,10,20,30,"100","20","50","200","100","300","150",36,7,4,7,"40000"
66,"Taxi",0,2,10,10,200,NA,3,7,9,8,8,8,8,10,4,8,6,6,5,5,8,7,9,9,10,10,10,"33000","40000","30000","30000","31500","33000","33000",10,6,1,1,10,2,25,10,20,30,"100","20","50","200","100","300","150",36,8,6,9,"30000"
67,"Carpool",0,1,65,95,250,NA,8,9,7,6,7,7,7,10,6,6,7,6,7,7,10,7,9,8,7,8,9,"13000","20000","13000","20000","20000","20000","20000",12,6,2,1,100,3,65,50,30,30,"30","","20","60","40","80","60",24,7,6,9,"13000"
67,"Personal",1,1,65,95,250,NA,8,9,7,6,7,7,7,10,6,6,7,6,7,7,10,7,9,8,7,8,9,"13000","20000","13000","20000","20000","20000","20000",12,6,2,1,100,3,65,50,30,30,"30","","20","60","40","80","60",24,8,10,10,"13000"
67,"TrainBus",0,1,65,95,250,NA,8,9,7,6,7,7,7,10,6,6,7,6,7,7,10,7,9,8,7,8,9,"13000","20000","13000","20000","20000","20000","20000",12,6,2,1,100,3,65,50,30,30,"30","","20","60","40","80","60",24,9,6,7,"20000"
67,"Taxi",0,1,65,95,250,NA,8,9,7,6,7,7,7,10,6,6,7,6,7,7,10,7,9,8,7,8,9,"13000","20000","13000","20000","20000","20000","20000",12,6,2,1,100,3,65,50,30,30,"30","","20","60","40","80","60",24,6,7,8,"20000"
68,"Carpool",0,2,55,95,260,NA,8,8,8,10,10,9,10,10,10,10,10,10,10,10,10,10,10,10,10,10,10,"50000","70000","50000","70000","80000","70000","70000",3,4,1,0,10,4,20,10,20,35,"100","500","50","50","50","50","50",13,8,10,10,"50000"
68,"Personal",0,2,55,95,260,NA,8,8,8,10,10,9,10,10,10,10,10,10,10,10,10,10,10,10,10,10,10,"50000","70000","50000","70000","80000","70000","70000",3,4,1,0,10,4,20,10,20,35,"100","500","50","50","50","50","50",13,8,10,10,"50000"
68,"TrainBus",0,2,55,95,260,NA,8,8,8,10,10,9,10,10,10,10,10,10,10,10,10,10,10,10,10,10,10,"50000","70000","50000","70000","80000","70000","70000",3,4,1,0,10,4,20,10,20,35,"100","500","50","50","50","50","50",13,8,10,10,"70000"
68,"Taxi",1,2,55,95,260,NA,8,8,8,10,10,9,10,10,10,10,10,10,10,10,10,10,10,10,10,10,10,"50000","70000","50000","70000","80000","70000","70000",3,4,1,0,10,4,20,10,20,35,"100","500","50","50","50","50","50",13,10,10,10,"70000"
69,"Carpool",0,3,40,90,300,NA,10,9,9,5,4,6,5,10,7,6,3,3,5,4,10,8,7,5,4,6,6,"04000","04500","10000","04000","04000","04000","04000",5,7,2,1,10,2,65,10,35,50,"20","40","40","40","40","","",43,9,6,7,"10000"
69,"Personal",1,3,40,90,300,NA,10,9,9,5,4,6,5,10,7,6,3,3,5,4,10,8,7,5,4,6,6,"04000","04500","10000","04000","04000","04000","04000",5,7,2,1,10,2,65,10,35,50,"20","40","40","40","40","","",43,10,10,10,"04000"
69,"TrainBus",0,3,40,90,300,NA,10,9,9,5,4,6,5,10,7,6,3,3,5,4,10,8,7,5,4,6,6,"04000","04500","10000","04000","04000","04000","04000",5,7,2,1,10,2,65,10,35,50,"20","40","40","40","40","","",43,9,7,8,"04500"
69,"Taxi",0,3,40,90,300,NA,10,9,9,5,4,6,5,10,7,6,3,3,5,4,10,8,7,5,4,6,6,"04000","04500","10000","04000","04000","04000","04000",5,7,2,1,10,2,65,10,35,50,"20","40","40","40","40","","",43,5,3,5,"04000"
70,"Carpool",1,3,55,95,260,NA,7,10,6,7,6,6,5,10,3,7,4,2,4,2,3,7,7,6,4,9,7,"","","","","","","",8,5,1,0,40,2,25,50,25,25,"","","","","","","",83,6,7,7,""
70,"Personal",0,3,55,95,260,NA,7,10,6,7,6,6,5,10,3,7,4,2,4,2,3,7,7,6,4,9,7,"","","","","","","",8,5,1,0,40,2,25,50,25,25,"","","","","","","",83,7,10,3,""
70,"TrainBus",0,3,55,95,260,NA,7,10,6,7,6,6,5,10,3,7,4,2,4,2,3,7,7,6,4,9,7,"","","","","","","",8,5,1,0,40,2,25,50,25,25,"","","","","","","",83,10,3,7,""
70,"Taxi",0,3,55,95,260,NA,7,10,6,7,6,6,5,10,3,7,4,2,4,2,3,7,7,6,4,9,7,"","","","","","","",8,5,1,0,40,2,25,50,25,25,"","","","","","","",83,7,4,6,""
71,"Carpool",0,3,65,70,180,NA,7,10,9,9,9,5,5,9,10,7,9,8,1,1,9,6,9,1,9,1,1,"13000","00000","00000","","","","",10,5,3,1,40,2,40,50,25,25,"","","","","","","",55,9,7,9,"00000"
71,"Personal",1,3,65,70,180,NA,7,10,9,9,9,5,5,9,10,7,9,8,1,1,9,6,9,1,9,1,1,"13000","00000","00000","","","","",10,5,3,1,40,2,40,50,25,25,"","","","","","","",55,7,9,9,"13000"
71,"TrainBus",0,3,65,70,180,NA,7,10,9,9,9,5,5,9,10,7,9,8,1,1,9,6,9,1,9,1,1,"13000","00000","00000","","","","",10,5,3,1,40,2,40,50,25,25,"","","","","","","",55,10,10,6,"00000"
71,"Taxi",0,3,65,70,180,NA,7,10,9,9,9,5,5,9,10,7,9,8,1,1,9,6,9,1,9,1,1,"13000","00000","00000","","","","",10,5,3,1,40,2,40,50,25,25,"","","","","","","",55,9,9,1,""
72,"Carpool",0,3,65,150,400,NA,9,5,6,6,5,5,5,1,3,3,6,6,5,4,6,6,6,6,6,6,6,"10000","20000","10000","11500","11500","","",4,15,1,0,10,4,20,10,60,125,"","","","","","","",6,6,3,6,"10000"
72,"Personal",0,3,65,150,400,NA,9,5,6,6,5,5,5,1,3,3,6,6,5,4,6,6,6,6,6,6,6,"10000","20000","10000","11500","11500","","",4,15,1,0,10,4,20,10,60,125,"","","","","","","",6,9,1,6,"10000"
72,"TrainBus",0,3,65,150,400,NA,9,5,6,6,5,5,5,1,3,3,6,6,5,4,6,6,6,6,6,6,6,"10000","20000","10000","11500","11500","","",4,15,1,0,10,4,20,10,60,125,"","","","","","","",6,5,3,6,"20000"
72,"Taxi",1,3,65,150,400,NA,9,5,6,6,5,5,5,1,3,3,6,6,5,4,6,6,6,6,6,6,6,"10000","20000","10000","11500","11500","","",4,15,1,0,10,4,20,10,60,125,"","","","","","","",6,6,6,6,"11500"
73,"Carpool",0,1,115,15,170,NA,5,7,5,6,6,6,6,10,3,3,5,3,2,3,10,6,4,6,4,9,5,"02500","00800","02500","02500","03500","","",4,3,1,0,40,1,40,10,25,30,"","","","","","","",70,5,3,4,"02500"
73,"Personal",0,1,115,15,170,NA,5,7,5,6,6,6,6,10,3,3,5,3,2,3,10,6,4,6,4,9,5,"02500","00800","02500","02500","03500","","",4,3,1,0,40,1,40,10,25,30,"","","","","","","",70,5,10,10,"02500"
73,"TrainBus",0,1,115,15,170,NA,5,7,5,6,6,6,6,10,3,3,5,3,2,3,10,6,4,6,4,9,5,"02500","00800","02500","02500","03500","","",4,3,1,0,40,1,40,10,25,30,"","","","","","","",70,7,3,6,"00800"
73,"Taxi",1,1,115,15,170,NA,5,7,5,6,6,6,6,10,3,3,5,3,2,3,10,6,4,6,4,9,5,"02500","00800","02500","02500","03500","","",4,3,1,0,40,1,40,10,25,30,"","","","","","","",70,6,5,6,"02500"
74,"Carpool",0,1,115,15,170,NA,5,7,5,6,6,6,6,10,3,3,5,3,2,3,10,6,4,6,4,9,5,"02500","00800","02500","02500","03500","","",4,3,1,0,40,1,40,10,25,30,"","","","","","","",57,5,3,4,"02500"
74,"Personal",0,1,115,15,170,NA,5,7,5,6,6,6,6,10,3,3,5,3,2,3,10,6,4,6,4,9,5,"02500","00800","02500","02500","03500","","",4,3,1,0,40,1,40,10,25,30,"","","","","","","",57,5,10,10,"02500"
74,"TrainBus",0,1,115,15,170,NA,5,7,5,6,6,6,6,10,3,3,5,3,2,3,10,6,4,6,4,9,5,"02500","00800","02500","02500","03500","","",4,3,1,0,40,1,40,10,25,30,"","","","","","","",57,7,3,6,"00800"
74,"Taxi",1,1,115,15,170,NA,5,7,5,6,6,6,6,10,3,3,5,3,2,3,10,6,4,6,4,9,5,"02500","00800","02500","02500","03500","","",4,3,1,0,40,1,40,10,25,30,"","","","","","","",57,6,5,6,"02500"
